"SampleDate","Weekday","RouteId","RouteName","ScheduledTime","AvoidTolls","DistanceKm","BestEstimateMin","HistoricModelMin","NoTrafficMin","LiveIncidentsMin"
"2026-08-31","Monday","home_to_plearn_0615","Home -> Plearnpattana","06:15","False","10.75","11.65","11.65","11.22","11.65"
"2026-08-31","Monday","home_to_ans_0615","Home -> Amnuay Silpa","06:15","False","22.74","25.78","25.78","20","25.78"
"2026-08-31","Monday","home_to_ans_0615_no_toll","Home -> Amnuay Silpa (no toll)","06:15","True","14.42","26.38","26.38","20.33","26.38"
"2026-08-31","Monday","ans_to_home_1430","Amnuay Silpa -> Home","14:30","False","16.59","24.7","24.7","20.83","24.7"
"2026-08-31","Monday","plearn_to_home_1530","Plearnpattana -> Home","15:30","False","6.11","8.28","8.28","7.08","8.28"
"2026-09-07","Monday","home_to_plearn_0615","Home -> Plearnpattana","06:15","False","10.75","11.65","11.65","11.22","11.65"
"2026-09-07","Monday","home_to_ans_0615","Home -> Amnuay Silpa","06:15","False","22.74","25.78","25.78","20","25.78"
"2026-09-07","Monday","home_to_ans_0615_no_toll","Home -> Amnuay Silpa (no toll)","06:15","True","14.42","26.38","26.38","20.33","26.38"
"2026-09-07","Monday","ans_to_home_1430","Amnuay Silpa -> Home","14:30","False","16.59","24.7","24.7","20.83","24.7"
"2026-09-07","Monday","plearn_to_home_1530","Plearnpattana -> Home","15:30","False","6.11","8.28","8.28","7.08","8.28"
"2026-09-14","Monday","home_to_plearn_0615","Home -> Plearnpattana","06:15","False","10.75","11.65","11.65","11.22","11.65"
"2026-09-14","Monday","home_to_ans_0615","Home -> Amnuay Silpa","06:15","False","22.74","25.78","25.78","20","25.78"
"2026-09-14","Monday","home_to_ans_0615_no_toll","Home -> Amnuay Silpa (no toll)","06:15","True","14.42","26.38","26.38","20.33","26.38"
"2026-09-14","Monday","ans_to_home_1430","Amnuay Silpa -> Home","14:30","False","16.59","24.7","24.7","20.83","24.7"
"2026-09-14","Monday","plearn_to_home_1530","Plearnpattana -> Home","15:30","False","6.11","8.28","8.28","7.08","8.28"
"2026-09-21","Monday","home_to_plearn_0615","Home -> Plearnpattana","06:15","False","10.75","11.65","11.65","11.22","11.65"
"2026-09-21","Monday","home_to_ans_0615","Home -> Amnuay Silpa","06:15","False","22.74","25.78","25.78","20","25.78"
"2026-09-21","Monday","home_to_ans_0615_no_toll","Home -> Amnuay Silpa (no toll)","06:15","True","14.42","26.38","26.38","20.33","26.38"
"2026-09-21","Monday","ans_to_home_1430","Amnuay Silpa -> Home","14:30","False","16.59","24.7","24.7","20.83","24.7"
"2026-09-21","Monday","plearn_to_home_1530","Plearnpattana -> Home","15:30","False","6.11","8.28","8.28","7.08","8.28"
"2026-09-01","Tuesday","home_to_plearn_0615","Home -> Plearnpattana","06:15","False","10.75","11.57","11.57","11.22","11.57"
"2026-09-01","Tuesday","home_to_ans_0615","Home -> Amnuay Silpa","06:15","False","14.42","25.65","25.65","20.33","25.65"
"2026-09-01","Tuesday","home_to_ans_0615_no_toll","Home -> Amnuay Silpa (no toll)","06:15","True","14.42","25.65","25.65","20.33","25.65"
"2026-09-01","Tuesday","ans_to_home_1430","Amnuay Silpa -> Home","14:30","False","16.57","24.98","24.98","21.18","24.98"
"2026-09-01","Tuesday","plearn_to_home_1530","Plearnpattana -> Home","15:30","False","6.11","8.32","8.32","7.08","8.32"
"2026-09-08","Tuesday","home_to_plearn_0615","Home -> Plearnpattana","06:15","False","10.75","11.57","11.57","11.22","11.57"
"2026-09-08","Tuesday","home_to_ans_0615","Home -> Amnuay Silpa","06:15","False","14.42","25.65","25.65","20.33","25.65"
"2026-09-08","Tuesday","home_to_ans_0615_no_toll","Home -> Amnuay Silpa (no toll)","06:15","True","14.42","25.65","25.65","20.33","25.65"
"2026-09-08","Tuesday","ans_to_home_1430","Amnuay Silpa -> Home","14:30","False","16.57","24.98","24.98","21.18","24.98"
"2026-09-08","Tuesday","plearn_to_home_1530","Plearnpattana -> Home","15:30","False","6.11","8.32","8.32","7.08","8.32"
"2026-09-15","Tuesday","home_to_plearn_0615","Home -> Plearnpattana","06:15","False","10.75","11.57","11.57","11.22","11.57"
"2026-09-15","Tuesday","home_to_ans_0615","Home -> Amnuay Silpa","06:15","False","14.42","25.65","25.65","20.33","25.65"
"2026-09-15","Tuesday","home_to_ans_0615_no_toll","Home -> Amnuay Silpa (no toll)","06:15","True","14.42","25.65","25.65","20.33","25.65"
"2026-09-15","Tuesday","ans_to_home_1430","Amnuay Silpa -> Home","14:30","False","16.57","24.98","24.98","21.18","24.98"
"2026-09-15","Tuesday","plearn_to_home_1530","Plearnpattana -> Home","15:30","False","6.11","8.32","8.32","7.08","8.32"
"2026-09-22","Tuesday","home_to_plearn_0615","Home -> Plearnpattana","06:15","False","10.75","11.57","11.57","11.22","11.57"
"2026-09-22","Tuesday","home_to_ans_0615","Home -> Amnuay Silpa","06:15","False","14.42","25.65","25.65","20.33","25.65"
"2026-09-22","Tuesday","home_to_ans_0615_no_toll","Home -> Amnuay Silpa (no toll)","06:15","True","14.42","25.65","25.65","20.33","25.65"
"2026-09-22","Tuesday","ans_to_home_1430","Amnuay Silpa -> Home","14:30","False","16.57","24.98","24.98","21.18","24.98"
"2026-09-22","Tuesday","plearn_to_home_1530","Plearnpattana -> Home","15:30","False","6.11","8.32","8.32","7.08","8.32"
"2026-08-26","Wednesday","home_to_plearn_0615","Home -> Plearnpattana","06:15","False","10.75","11.62","11.62","11.22","11.62"
"2026-08-26","Wednesday","home_to_ans_0615","Home -> Amnuay Silpa","06:15","False","14.48","25.55","25.55","20.63","25.55"
"2026-08-26","Wednesday","home_to_ans_0615_no_toll","Home -> Amnuay Silpa (no toll)","06:15","True","14.48","25.55","25.55","20.63","25.55"
"2026-08-26","Wednesday","ans_to_home_1430","Amnuay Silpa -> Home","14:30","False","15.99","25.35","25.35","20.53","25.35"
"2026-08-26","Wednesday","plearn_to_home_1530","Plearnpattana -> Home","15:30","False","6.11","8.35","8.35","7.08","8.35"
"2026-09-02","Wednesday","home_to_plearn_0615","Home -> Plearnpattana","06:15","False","10.75","11.62","11.62","11.22","11.62"
"2026-09-02","Wednesday","home_to_ans_0615","Home -> Amnuay Silpa","06:15","False","14.48","25.55","25.55","20.63","25.55"
"2026-09-02","Wednesday","home_to_ans_0615_no_toll","Home -> Amnuay Silpa (no toll)","06:15","True","14.48","25.55","25.55","20.63","25.55"
"2026-09-02","Wednesday","ans_to_home_1430","Amnuay Silpa -> Home","14:30","False","15.99","25.35","25.35","20.53","25.35"
"2026-09-02","Wednesday","plearn_to_home_1530","Plearnpattana -> Home","15:30","False","6.11","8.35","8.35","7.08","8.35"
"2026-09-09","Wednesday","home_to_plearn_0615","Home -> Plearnpattana","06:15","False","10.75","11.62","11.62","11.22","11.62"
"2026-09-09","Wednesday","home_to_ans_0615","Home -> Amnuay Silpa","06:15","False","14.48","25.55","25.55","20.63","25.55"
"2026-09-09","Wednesday","home_to_ans_0615_no_toll","Home -> Amnuay Silpa (no toll)","06:15","True","14.48","25.55","25.55","20.63","25.55"
"2026-09-09","Wednesday","ans_to_home_1430","Amnuay Silpa -> Home","14:30","False","15.99","25.35","25.35","20.53","25.35"
"2026-09-09","Wednesday","plearn_to_home_1530","Plearnpattana -> Home","15:30","False","6.11","8.35","8.35","7.08","8.35"
"2026-09-16","Wednesday","home_to_plearn_0615","Home -> Plearnpattana","06:15","False","10.75","11.62","11.62","11.22","11.62"
"2026-09-16","Wednesday","home_to_ans_0615","Home -> Amnuay Silpa","06:15","False","14.48","25.55","25.55","20.63","25.55"
"2026-09-16","Wednesday","home_to_ans_0615_no_toll","Home -> Amnuay Silpa (no toll)","06:15","True","14.48","25.55","25.55","20.63","25.55"
"2026-09-16","Wednesday","ans_to_home_1430","Amnuay Silpa -> Home","14:30","False","15.99","25.35","25.35","20.53","25.35"
"2026-09-16","Wednesday","plearn_to_home_1530","Plearnpattana -> Home","15:30","False","6.11","8.35","8.35","7.08","8.35"
"2026-08-27","Thursday","home_to_plearn_0615","Home -> Plearnpattana","06:15","False","10.75","11.57","11.57","11.22","11.57"
"2026-08-27","Thursday","home_to_ans_0615","Home -> Amnuay Silpa","06:15","False","14.48","25.22","25.22","20.63","25.22"
"2026-08-27","Thursday","home_to_ans_0615_no_toll","Home -> Amnuay Silpa (no toll)","06:15","True","14.48","25.22","25.22","20.63","25.22"
"2026-08-27","Thursday","ans_to_home_1430","Amnuay Silpa -> Home","14:30","False","16.57","25","25","21.18","25"
"2026-08-27","Thursday","plearn_to_home_1530","Plearnpattana -> Home","15:30","False","6.11","8.35","8.35","7.08","8.35"
"2026-09-03","Thursday","home_to_plearn_0615","Home -> Plearnpattana","06:15","False","10.75","11.57","11.57","11.22","11.57"
"2026-09-03","Thursday","home_to_ans_0615","Home -> Amnuay Silpa","06:15","False","14.48","25.22","25.22","20.63","25.22"
"2026-09-03","Thursday","home_to_ans_0615_no_toll","Home -> Amnuay Silpa (no toll)","06:15","True","14.48","25.22","25.22","20.63","25.22"
"2026-09-03","Thursday","ans_to_home_1430","Amnuay Silpa -> Home","14:30","False","16.57","25","25","21.18","25"
"2026-09-03","Thursday","plearn_to_home_1530","Plearnpattana -> Home","15:30","False","6.11","8.35","8.35","7.08","8.35"
"2026-09-10","Thursday","home_to_plearn_0615","Home -> Plearnpattana","06:15","False","10.75","11.57","11.57","11.22","11.57"
"2026-09-10","Thursday","home_to_ans_0615","Home -> Amnuay Silpa","06:15","False","14.48","25.22","25.22","20.63","25.22"
"2026-09-10","Thursday","home_to_ans_0615_no_toll","Home -> Amnuay Silpa (no toll)","06:15","True","14.48","25.22","25.22","20.63","25.22"
"2026-09-10","Thursday","ans_to_home_1430","Amnuay Silpa -> Home","14:30","False","16.57","25","25","21.18","25"
"2026-09-10","Thursday","plearn_to_home_1530","Plearnpattana -> Home","15:30","False","6.11","8.35","8.35","7.08","8.35"
"2026-09-17","Thursday","home_to_plearn_0615","Home -> Plearnpattana","06:15","False","10.75","11.57","11.57","11.22","11.57"
"2026-09-17","Thursday","home_to_ans_0615","Home -> Amnuay Silpa","06:15","False","14.48","25.22","25.22","20.63","25.22"
"2026-09-17","Thursday","home_to_ans_0615_no_toll","Home -> Amnuay Silpa (no toll)","06:15","True","14.48","25.22","25.22","20.63","25.22"
"2026-09-17","Thursday","ans_to_home_1430","Amnuay Silpa -> Home","14:30","False","16.57","25","25","21.18","25"
"2026-09-17","Thursday","plearn_to_home_1530","Plearnpattana -> Home","15:30","False","6.11","8.35","8.35","7.08","8.35"
"2026-08-28","Friday","home_to_plearn_0615","Home -> Plearnpattana","06:15","False","10.76","11.57","11.57","11.22","11.57"
"2026-08-28","Friday","home_to_ans_0615","Home -> Amnuay Silpa","06:15","False","14.42","25.97","25.97","20.33","25.97"
"2026-08-28","Friday","home_to_ans_0615_no_toll","Home -> Amnuay Silpa (no toll)","06:15","True","14.42","25.97","25.97","20.33","25.97"
"2026-08-28","Friday","ans_to_home_1430","Amnuay Silpa -> Home","14:30","False","16.59","25.42","25.42","20.83","25.42"
"2026-08-28","Friday","plearn_to_home_1530","Plearnpattana -> Home","15:30","False","6.11","8.5","8.5","7.08","8.5"
"2026-09-04","Friday","home_to_plearn_0615","Home -> Plearnpattana","06:15","False","10.76","11.57","11.57","11.22","11.57"
"2026-09-04","Friday","home_to_ans_0615","Home -> Amnuay Silpa","06:15","False","14.42","25.97","25.97","20.33","25.97"
"2026-09-04","Friday","home_to_ans_0615_no_toll","Home -> Amnuay Silpa (no toll)","06:15","True","14.42","25.97","25.97","20.33","25.97"
"2026-09-04","Friday","ans_to_home_1430","Amnuay Silpa -> Home","14:30","False","16.59","25.42","25.42","20.83","25.42"
"2026-09-04","Friday","plearn_to_home_1530","Plearnpattana -> Home","15:30","False","6.11","8.5","8.5","7.08","8.5"
"2026-09-11","Friday","home_to_plearn_0615","Home -> Plearnpattana","06:15","False","10.76","11.57","11.57","11.22","11.57"
"2026-09-11","Friday","home_to_ans_0615","Home -> Amnuay Silpa","06:15","False","14.42","25.97","25.97","20.33","25.97"
"2026-09-11","Friday","home_to_ans_0615_no_toll","Home -> Amnuay Silpa (no toll)","06:15","True","14.42","25.97","25.97","20.33","25.97"
"2026-09-11","Friday","ans_to_home_1430","Amnuay Silpa -> Home","14:30","False","16.59","25.42","25.42","20.83","25.42"
"2026-09-11","Friday","plearn_to_home_1530","Plearnpattana -> Home","15:30","False","6.11","8.5","8.5","7.08","8.5"
"2026-09-18","Friday","home_to_plearn_0615","Home -> Plearnpattana","06:15","False","10.76","11.57","11.57","11.22","11.57"
"2026-09-18","Friday","home_to_ans_0615","Home -> Amnuay Silpa","06:15","False","14.42","25.97","25.97","20.33","25.97"
"2026-09-18","Friday","home_to_ans_0615_no_toll","Home -> Amnuay Silpa (no toll)","06:15","True","14.42","25.97","25.97","20.33","25.97"
"2026-09-18","Friday","ans_to_home_1430","Amnuay Silpa -> Home","14:30","False","16.59","25.42","25.42","20.83","25.42"
"2026-09-18","Friday","plearn_to_home_1530","Plearnpattana -> Home","15:30","False","6.11","8.5","8.5","7.08","8.5"
